	TARGET_NAME	PATIENT	CHR	START	END	REF	ALT	GENE	PROTEIN_CHANGE	cDNA_CHANGE	TARGET_VAF_MEAN	Autotate_annot1	Autotate_annot2	VARIANT	sampleID_short	patient_init	celltype	Mean_VAF	Amplicon	pt_test
4	IID_H198302_T01_01_TD01	IID_H198302	4	106157152	106157152	C	T	TET2	p.Q685*	c.2053C>T	0.474	AUTO_OK	ONCOGENIC	TET2_p.Q685*	T01_01_TD01	PD7153	BM	0.474	PD7153_TET2b	PD7153
5	IID_H198302_T02_01_TD01	IID_H198302	4	106157152	106157152	C	T	TET2	p.Q685*	c.2053C>T	0.496	AUTO_OK	ONCOGENIC	TET2_p.Q685*	T02_01_TD01	PD7153	Mono	0.496	PD7153_TET2b	PD7153
6	IID_H198302_T03_01_TD01	IID_H198302	4	106157152	106157152	C	T	TET2	p.Q685*	c.2053C>T	0.452	AUTO_OK	ONCOGENIC	TET2_p.Q685*	T03_01_TD01	PD7153	nBC	0.452	PD7153_TET2b	PD7153
7	IID_H198302_T04_01_TD01	IID_H198302	4	106157152	106157152	C	T	TET2	p.Q685*	c.2053C>T	0.502	AUTO_OK	ONCOGENIC	TET2_p.Q685*	T04_01_TD01	PD7153	Neut	0.502	PD7153_TET2b	PD7153
8	IID_H198302_T01_01_TD01	IID_H198302	7	101882770	101882770	C	T	CUX1	p.Q1276*	c.3826C>T	0.084	AUTO_OK	ONCOGENIC	CUX1_p.Q1276*	T01_01_TD01	PD7153	BM	0.084	PD7153_CUX1	PD7153
9	IID_H198302_T02_01_TD01	IID_H198302	7	101882770	101882770	C	T	CUX1	p.Q1276*	c.3826C>T	0.074	AUTO_OK	ONCOGENIC	CUX1_p.Q1276*	T02_01_TD01	PD7153	Mono	0.074	PD7153_CUX1	PD7153
10	IID_H198302_T04_01_TD01	IID_H198302	7	101882770	101882770	C	T	CUX1	p.Q1276*	c.3826C>T	0.033	AUTO_OK	ONCOGENIC	CUX1_p.Q1276*	T04_01_TD01	PD7153	Neut	0.033	PD7153_CUX1	PD7153
16	IID_H198302_T01_01_TD01	IID_H198302	17	74732959	74732959	G	T	SRSF2	p.P95H	c.284C>A	0.437	RESCUE	ONCOGENIC	SRSF2_p.P95H	T01_01_TD01	PD7153	BM	0.437	PD7153_SRSF2	PD7153
17	IID_H198302_T02_01_TD01	IID_H198302	17	74732959	74732959	G	T	SRSF2	p.P95H	c.284C>A	0.441	RESCUE	ONCOGENIC	SRSF2_p.P95H	T02_01_TD01	PD7153	Mono	0.441	PD7153_SRSF2	PD7153
18	IID_H198302_T03_01_TD01	IID_H198302	17	74732959	74732959	G	T	SRSF2	p.P95H	c.284C>A	0.438	AUTO_OK	ONCOGENIC	SRSF2_p.P95H	T03_01_TD01	PD7153	nBC	0.438	PD7153_SRSF2	PD7153
19	IID_H198302_T04_01_TD01	IID_H198302	17	74732959	74732959	G	T	SRSF2	p.P95H	c.284C>A	0.499	RESCUE	ONCOGENIC	SRSF2_p.P95H	T04_01_TD01	PD7153	Neut	0.499	PD7153_SRSF2	PD7153
32	IID_H198303_T01_01_TD01	IID_H198303	17	74732959	74732959	G	T	SRSF2	p.P95Hb	c.284C>A	0.295	RESCUE	ONCOGENIC	SRSF2_p.P95H	T01_01_TD01	PD7151	BM	0.295	PD7151_SRSF2	PD7151
33	IID_H198303_T02_01_TD01	IID_H198303	17	74732959	74732959	G	T	SRSF2	p.P95Hb	c.284C>A	0.235	AUTO_OK	ONCOGENIC	SRSF2_p.P95H	T02_01_TD01	PD7151	Mono	0.235	PD7151_SRSF2	PD7151
34	IID_H198303_T03_01_TD01	IID_H198303	17	74732959	74732959	G	T	SRSF2	p.P95Hb	c.284C>A	0.283	RESCUE	ONCOGENIC	SRSF2_p.P95H	T03_01_TD01	PD7151	nBC	0.283	PD7151_SRSF2	PD7151
46	IID_H198304_T01_01_TD01	IID_H198304	4	106182972	106182972	T	A	TET2	p.Y1337*	c.4011T>A	0.332	AUTO_OK	ONCOGENIC	TET2_p.Y1337*	T01_01_TD01	JP001	BM	0.332	JP001_TET2b_g	JP001
47	IID_H198304_T02_01_TD01	IID_H198304	4	106182972	106182972	T	A	TET2	p.Y1337*	c.4011T>A	0.366	AUTO_OK	ONCOGENIC	TET2_p.Y1337*	T02_01_TD01	JP001	Mono	0.366	JP001_TET2b_g	JP001
48	IID_H198304_T03_01_TD01	IID_H198304	4	106182972	106182972	T	A	TET2	p.Y1337*	c.4011T>A	0.021	AUTO_OK	ONCOGENIC	TET2_p.Y1337*	T03_01_TD01	JP001	nBC	0.021	JP001_TET2b_g	JP001
49	IID_H198304_T04_01_TD01	IID_H198304	4	106182972	106182972	T	A	TET2	p.Y1337*	c.4011T>A	0.448	AUTO_OK	ONCOGENIC	TET2_p.Y1337*	T04_01_TD01	JP001	Neut	0.448	JP001_TET2b_g	JP001
54	IID_H198304_T01_01_TD01	IID_H198304	17	74732959	74732959	G	C	SRSF2	p.P95R	c.284C>G	0.338	RESCUE	ONCOGENIC	SRSF2_p.P95R	T01_01_TD01	JP001	BM	0.338	JP001_SRSF2	JP001
55	IID_H198304_T02_01_TD01	IID_H198304	17	74732959	74732959	G	C	SRSF2	p.P95R	c.284C>G	0.417	RESCUE	ONCOGENIC	SRSF2_p.P95R	T02_01_TD01	JP001	Mono	0.417	JP001_SRSF2	JP001
56	IID_H198304_T03_01_TD01	IID_H198304	17	74732959	74732959	G	C	SRSF2	p.P95R	c.284C>G	0.036	RESCUE	ONCOGENIC	SRSF2_p.P95R	T03_01_TD01	JP001	nBC	0.036	JP001_SRSF2	JP001
57	IID_H198304_T04_01_TD01	IID_H198304	17	74732959	74732959	G	C	SRSF2	p.P95R	c.284C>G	0.461	RESCUE	ONCOGENIC	SRSF2_p.P95R	T04_01_TD01	JP001	Neut	0.461	JP001_SRSF2	JP001
58	IID_H198304_T01_01_TD01	IID_H198304	21	36231825	36231825	C	T	RUNX1	p.A187T	c.559G>A	0.049	RESCUE	LIKELY	RUNX1_p.A187T	T01_01_TD01	JP001	BM	0.049	JP001_RUNX1_g	JP001
59	IID_H198304_T02_01_TD01	IID_H198304	21	36231825	36231825	C	T	RUNX1	p.A187T	c.559G>A	0.084	RESCUE	LIKELY	RUNX1_p.A187T	T02_01_TD01	JP001	Mono	0.084	JP001_RUNX1_g	JP001
60	IID_H198304_T03_01_TD01	IID_H198304	21	36231825	36231825	C	T	RUNX1	p.A187T	c.559G>A	0.009	RESCUE	LIKELY	RUNX1_p.A187T	T03_01_TD01	JP001	nBC	0.009	JP001_RUNX1_g	JP001
61	IID_H198304_T04_01_TD01	IID_H198304	21	36231825	36231825	C	T	RUNX1	p.A187T	c.559G>A	0.035	RESCUE	LIKELY	RUNX1_p.A187T	T04_01_TD01	JP001	Neut	0.035	JP001_RUNX1_g	JP001
62	IID_H198302_T01_01_TD01	IID_H198302	4	106158289	106158290	GT	G	TET2	p.L1065fs*1	c.3191delT	0.454	AUTO_OK	ONCOGENIC	TET2_p.L1065fs*1	T01_01_TD01	PD7153	BM	0.454	PD7153_TET2a	PD7153
63	IID_H198302_T02_01_TD01	IID_H198302	4	106158289	106158290	GT	G	TET2	p.L1065fs*1	c.3191delT	0.474	AUTO_OK	ONCOGENIC	TET2_p.L1065fs*1	T02_01_TD01	PD7153	Mono	0.474	PD7153_TET2a	PD7153
64	IID_H198302_T03_01_TD01	IID_H198302	4	106158289	106158290	GT	G	TET2	p.L1065fs*1	c.3191delT	0.388	AUTO_OK	ONCOGENIC	TET2_p.L1065fs*1	T03_01_TD01	PD7153	nBC	0.388	PD7153_TET2a	PD7153
65	IID_H198302_T04_01_TD01	IID_H198302	4	106158289	106158290	GT	G	TET2	p.L1065fs*1	c.3191delT	0.488	AUTO_OK	ONCOGENIC	TET2_p.L1065fs*1	T04_01_TD01	PD7153	Neut	0.488	PD7153_TET2a	PD7153
66	IID_H198303_T01_01_TD01	IID_H198303	4	106158367	106158371	AAGAC	A	TET2	p.K1090fs*15	c.3269_3272delAGAC	0.414	AUTO_OK	ONCOGENIC	TET2_p.K1090fs*15	T01_01_TD01	PD7151	BM	0.414	PD7151_TET2a	PD7151
67	IID_H198303_T02_01_TD01	IID_H198303	4	106158367	106158371	AAGAC	A	TET2	p.K1090fs*15	c.3269_3272delAGAC	0.431	AUTO_OK	ONCOGENIC	TET2_p.K1090fs*15	T02_01_TD01	PD7151	Mono	0.431	PD7151_TET2a	PD7151
68	IID_H198303_T03_01_TD01	IID_H198303	4	106158367	106158371	AAGAC	A	TET2	p.K1090fs*15	c.3269_3272delAGAC	0.431	AUTO_OK	ONCOGENIC	TET2_p.K1090fs*15	T03_01_TD01	PD7151	nBC	0.431	PD7151_TET2a	PD7151
69	IID_H198303_T01_01_TD01	IID_H198303	4	106164802	106164803	GC	G	TET2	p.A1224fs*2	c.3671delC	0.448	AUTO_OK	ONCOGENIC	TET2_p.A1224fs*2	T01_01_TD01	PD7151	BM	0.448	PD7151_TET2b	PD7151
70	IID_H198303_T02_01_TD01	IID_H198303	4	106164802	106164803	GC	G	TET2	p.A1224fs*2	c.3671delC	0.455	AUTO_OK	ONCOGENIC	TET2_p.A1224fs*2	T02_01_TD01	PD7151	Mono	0.455	PD7151_TET2b	PD7151
71	IID_H198303_T03_01_TD01	IID_H198303	4	106164802	106164803	GC	G	TET2	p.A1224fs*2	c.3671delC	0.482	AUTO_OK	ONCOGENIC	TET2_p.A1224fs*2	T03_01_TD01	PD7151	nBC	0.482	PD7151_TET2b	PD7151
72	IID_H198304_T01_01_TD01	IID_H198304	4	106164782	106164783	CT	C	TET2	p.G1218fs*8	c.3651delT	0.332	AUTO_OK	ONCOGENIC	TET2_p.G1218fs*8	T01_01_TD01	JP001	BM	0.332	JP001_TET2a	JP001
73	IID_H198304_T02_01_TD01	IID_H198304	4	106164782	106164783	CT	C	TET2	p.G1218fs*8	c.3651delT	0.374	AUTO_OK	ONCOGENIC	TET2_p.G1218fs*8	T02_01_TD01	JP001	Mono	0.374	JP001_TET2a	JP001
74	IID_H198304_T04_01_TD01	IID_H198304	4	106164782	106164783	CT	C	TET2	p.G1218fs*8	c.3651delT	0.412	AUTO_OK	ONCOGENIC	TET2_p.G1218fs*8	T04_01_TD01	JP001	Neut	0.412	JP001_TET2a	JP001
